{
    "family": "network-dashboard",
    "networkMode": "awsvpc",
    "requiresCompatibilities": ["FARGATE"],
    "cpu": "256",
    "memory": "512",
    "executionRoleArn": "arn:aws:iam::YOUR_ACCOUNT_ID:role/ecsTaskExecutionRole",
    "taskRoleArn": "arn:aws:iam::YOUR_ACCOUNT_ID:role/ecsTaskRole",
    "containerDefinitions": [
        {
            "name": "network-dashboard",
            "image": "ghcr.io/christmas27/network-monitoring:latest",
            "portMappings": [
                {
                    "containerPort": 5000,
                    "protocol": "tcp"
                }
            ],
            "essential": true,
            "environment": [
                {
                    "name": "FLASK_ENV",
                    "value": "production"
                },
                {
                    "name": "PORT",
                    "value": "5000"
                }
            ],
            "secrets": [
                {
                    "name": "SECRET_KEY",
                    "valueFrom": "/network-dashboard/SECRET_KEY"
                }
            ],
            "logConfiguration": {
                "logDriver": "awslogs",
                "options": {
                    "awslogs-group": "/ecs/network-dashboard",
                    "awslogs-region": "us-east-1",
                    "awslogs-stream-prefix": "ecs"
                }
            },
            "healthCheck": {
                "command": ["CMD-SHELL", "curl -f http://localhost:5000/health || exit 1"],
                "interval": 30,
                "timeout": 5,
                "retries": 3,
                "startPeriod": 60
            }
        }
    ]
}
